Timestamp,User Count,Type,Name,Requests/s,Failures/s,50%,66%,75%,80%,90%,95%,98%,99%,99.9%,99.99%,100%,Total Request Count,Total Failure Count,Total Median Response Time,Total Average Response Time,Total Min Response Time,Total Max Response Time,Total Average Content Size
1782884158,0,,Aggregated,0.000000,0.000000,N/A,N/A,N/A,N/A,N/A,N/A,N/A,N/A,N/A,N/A,N/A,0,0,0,0.0,0,0,0
1782884159,10,,Aggregated,0.000000,0.000000,890,890,900,930,960,960,960,960,960,960,960,10,0,890,891.2668848000976,857.5106070002221,964.1070000002401,16511.7
1782884160,20,,Aggregated,0.000000,0.000000,230,270,710,750,870,890,930,960,960,960,960,65,0,230,394.3787029999979,145.76656899998852,964.1070000002401,12810.261538461538
1782884161,30,,Aggregated,0.000000,0.000000,270,320,360,430,750,870,890,930,960,960,960,152,0,270,355.9825363618431,145.76656899998852,964.1070000002401,13864.368421052632
1782884162,40,,Aggregated,20.000000,0.000000,300,350,400,440,720,870,890,950,960,960,960,259,0,300,370.5034097413044,145.76656899998852,964.1070000002401,13856.247104247104
1782884163,50,,Aggregated,38.666667,0.000000,340,390,450,530,720,880,950,960,970,970,970,314,0,340,396.10173222929444,145.76656899998852,973.7534949999826,13921.675159235669
1782884164,60,,Aggregated,53.250000,0.000000,360,490,600,670,840,900,970,1100,1200,1200,1200,367,0,360,446.8741690000023,145.76656899998852,1212.7923549996922,14044.25613079019
1782884165,70,,Aggregated,59.800000,0.000000,420,680,780,860,980,1300,1400,1700,1800,1800,1800,453,0,420,562.3927314481217,145.76656899998852,1823.3221740001682,13930.207505518763
1782884166,80,,Aggregated,60.666667,0.000000,540,740,850,890,1000,1300,1400,1600,1800,1800,1800,526,0,540,604.5764904030389,145.76656899998852,1823.3221740001682,14009.95627376426
1782884167,90,,Aggregated,58.571429,0.000000,660,850,940,970,1200,1400,1500,1600,1900,1900,1900,629,0,660,673.6445911605686,145.76656899998852,1879.1691309997987,13719.368839427663
1782884166,100,,Aggregated,60.666667,0.000000,660,840,940,970,1200,1400,1500,1600,1900,1900,1900,693,0,660,676.5009674603118,145.76656899998852,1879.1691309997987,13948.445887445887
1782884167,110,,Aggregated,58.571429,0.000000,700,870,970,1000,1300,1400,1500,1500,1900,1900,1900,807,0,700,718.1418612143675,145.76656899998852,1879.1691309997987,14168.815365551425
1782884168,120,,Aggregated,62.625000,0.000000,740,930,1000,1100,1300,1400,1500,1600,1900,1900,1900,952,0,740,760.1770797741544,145.76656899998852,1879.1691309997987,14203.69012605042
1782884169,130,,Aggregated,73.000000,0.000000,780,960,1000,1100,1300,1400,1500,1700,1900,1900,1900,1025,0,780,785.9764093775583,145.76656899998852,1925.0019119999706,14071.578536585366
1782884170,140,,Aggregated,86.400000,0.000000,820,980,1100,1200,1400,1500,1700,1900,2300,2500,2500,1157,0,820,833.6383147683658,145.76656899998852,2457.146688999728,14174.113223854796
1782884171,150,,Aggregated,97.000000,0.000000,860,1000,1200,1300,1400,1600,1800,1900,2300,2500,2500,1237,0,860,874.147094177851,145.76656899998852,2457.146688999728,14113.415521422798
1782884172,160,,Aggregated,103.300000,0.000000,890,1100,1200,1300,1500,1700,1900,2300,2700,4400,4400,1374,0,890,920.1403647867544,145.76656899998852,4354.768794999927,14195.029112081515
1782884173,170,,Aggregated,104.500000,0.000000,910,1100,1300,1300,1500,1700,1900,2200,2700,4400,4400,1452,0,910,936.4092194194227,145.76656899998852,4354.768794999927,14212.763774104684
1782884174,180,,Aggregated,106.900000,0.000000,940,1200,1300,1400,1600,1800,2000,2300,4400,4400,4400,1525,0,940,975.639497582295,145.76656899998852,4438.3802279999145,14229.046557377049
1782884175,190,,Aggregated,110.400000,0.000000,980,1200,1400,1500,1800,2100,2500,2700,4400,4400,4400,1646,0,980,1057.308292565005,145.76656899998852,4438.3802279999145,14298.387606318347
1782884176,200,,Aggregated,109.500000,0.000000,1000,1300,1400,1500,1800,2100,2400,2700,4400,4400,4400,1760,0,1000,1093.9285143136349,145.76656899998852,4438.3802279999145,14336.87215909091
1782884177,210,,Aggregated,115.600000,0.000000,1000,1300,1500,1600,1800,2100,2400,2700,4400,4400,4400,1828,0,1000,1114.2116804589705,145.76656899998852,4438.3802279999145,14360.44365426696
1782884178,220,,Aggregated,117.600000,0.000000,1100,1300,1500,1600,1900,2300,2600,2800,4400,4400,4400,1868,0,1100,1137.7993477740886,145.76656899998852,4438.3802279999145,14414.703961456104
1782884179,230,,Aggregated,113.200000,0.000000,1100,1400,1500,1600,2000,2400,2800,3300,4400,4400,4400,1904,0,1100,1173.1112248718466,145.76656899998852,4438.3802279999145,14429.538340336134
1782884180,240,,Aggregated,96.400000,0.000000,1100,1400,1500,1700,2100,2600,3700,4400,4700,5000,5000,1941,0,1100,1231.7027129891783,145.76656899998852,4977.963572000135,14446.726944873777
1782884181,250,,Aggregated,90.300000,0.000000,1100,1400,1600,1700,2300,3200,4400,4700,5200,5200,5200,1980,0,1100,1294.1501296813099,145.76656899998852,5223.839493000014,14411.63383838384
1782884182,260,,Aggregated,83.100000,0.000000,1200,1500,1600,1800,2600,4400,5100,5600,6000,6500,6500,2052,0,1200,1429.7134042397627,145.76656899998852,6473.19109099999,14447.248050682261
1782884183,270,,Aggregated,81.000000,0.000000,1200,1500,1800,2000,3900,4700,5100,5600,6000,6500,6500,2162,0,1200,1568.7532573473593,145.76656899998852,6473.19109099999,14378.22479185939
1782884184,280,,Aggregated,70.600000,0.000000,1200,1500,1800,2200,3900,4700,5100,5600,6000,6500,6500,2208,0,1200,1606.9674451526218,145.76656899998852,6473.19109099999,14407.017663043478
1782884185,290,,Aggregated,65.800000,0.000000,1300,1600,1900,2300,4000,4700,5100,5600,6000,6500,6500,2244,0,1300,1633.1196934371612,145.76656899998852,6473.19109099999,14416.284759358288
1782884186,300,,Aggregated,72.900000,0.000000,1300,1600,2000,2500,4000,4700,5200,5600,6000,6500,6500,2295,0,1300,1678.3405146457465,145.76656899998852,6473.19109099999,14437.275381263617
1782884187,300,,Aggregated,64.300000,0.000000,1300,1800,2500,3200,4300,4700,5200,5600,6200,6500,6500,2456,0,1300,1839.8164664385115,145.76656899998852,6473.19109099999,14402.377850162866
1782884188,300,,Aggregated,57.300000,0.000000,1400,1900,2700,3300,4300,4700,5200,5600,6200,6500,6500,2604,0,1400,1898.806961567583,145.76656899998852,6473.19109099999,14385.278801843318
1782884189,300,,Aggregated,52.600000,0.000000,1400,2000,2600,3200,4300,4700,5200,5600,6200,6500,6500,2696,0,1400,1910.298510550807,145.76656899998852,6473.19109099999,14426.69621661721
1782884190,300,,Aggregated,63.200000,0.000000,1500,2000,2700,3200,4300,4700,5200,5600,6200,6500,6500,2741,0,1500,1916.4645488978388,145.76656899998852,6473.19109099999,14443.691353520613
1782884191,300,,Aggregated,75.300000,0.000000,1500,2100,2700,3200,4300,4700,5200,5600,6200,6500,6500,2763,0,1500,1926.7705990018005,145.76656899998852,6473.19109099999,14467.400289540356
1782884192,300,,Aggregated,79.300000,0.000000,1500,2200,2900,3400,4300,4700,5200,5500,6200,6500,6500,2842,0,1500,1986.2733157118137,145.76656899998852,6473.19109099999,14438.094299788881
1782884193,300,,Aggregated,77.000000,0.000000,1500,2300,3000,3600,4400,4700,5200,5500,6200,6500,6500,2882,0,1500,2019.977829059672,145.76656899998852,6473.19109099999,14475.504857737682
1782884194,300,,Aggregated,80.900000,0.000000,1600,2400,3200,3700,4500,4900,5600,5900,6500,6600,6600,2953,0,1600,2099.2471837483836,145.76656899998852,6640.039412000078,14446.963765662038
1782884195,300,,Aggregated,80.700000,0.000000,1600,2500,3500,3900,4600,5200,5900,6400,6900,7200,7200,3047,0,1600,2198.247887636359,145.76656899998852,7248.426237000331,14433.756481785362
1782884196,300,,Aggregated,70.500000,0.000000,1700,2700,3600,4000,4700,5200,5900,6400,6900,21000,21000,3138,0,1700,2269.33869823454,145.76656899998852,21001.920077999785,14439.944550669215
1782884197,300,,Aggregated,79.000000,0.000000,1700,2900,3700,4000,4700,5200,5900,6400,6900,21000,21000,3243,0,1700,2307.4580858128243,145.76656899998852,21001.920077999785,14461.076780758556
1782884197,300,,Aggregated,70.500000,0.000000,1800,3000,3600,4000,4600,5100,5900,6400,7100,22000,22000,3390,0,1800,2340.9837725805282,145.76656899998852,22129.28180400013,14506.464306784661
1782884198,300,,Aggregated,79.000000,0.000000,1900,2900,3600,4000,4600,5100,5900,6400,7100,22000,22000,3450,0,1900,2341.002875121736,145.76656899998852,22129.28180400013,14497.700869565217
1782884199,300,,Aggregated,79.700000,0.000000,1900,3000,3600,3900,4600,5100,5900,6300,7100,22000,22000,3552,0,1900,2356.0342499408757,145.76656899998852,22129.28180400013,14513.158502252252
1782884200,300,,Aggregated,91.900000,0.000000,2000,3000,3600,3900,4600,5100,5900,6300,7100,22000,22000,3628,0,2000,2369.0924507585414,145.76656899998852,22129.28180400013,14504.582414553473
1782884201,300,,Aggregated,91.900000,0.000000,2200,3000,3600,3900,4500,5100,5800,6300,7100,22000,22000,3790,0,2200,2408.03689647862,145.76656899998852,22129.28180400013,14450.904221635883
1782884202,300,,Aggregated,93.000000,0.000000,2200,3100,3600,3900,4500,5100,5800,6200,7100,22000,22000,3835,0,2200,2417.0163435061195,145.76656899998852,22129.28180400013,14425.123076923077
1782884203,300,,Aggregated,93.000000,0.000000,2300,3000,3500,3800,4500,5000,5800,6200,6900,22000,22000,4047,0,2300,2431.8549610822765,145.76656899998852,22129.28180400013,14445.010378057821
1782884204,300,,Aggregated,104.900000,0.000000,2300,3000,3500,3800,4500,5000,5800,6200,6900,22000,22000,4166,0,2300,2418.7981716663403,145.76656899998852,22129.28180400013,14437.54728756601
1782884205,300,,Aggregated,117.900000,0.000000,2300,3000,3400,3700,4500,5000,5800,6200,6900,22000,22000,4248,0,2300,2410.7196792236273,145.76656899998852,22129.28180400013,14435.108992467043
1782884206,300,,Aggregated,127.300000,0.000000,2300,2900,3400,3700,4500,5000,5700,6200,6900,22000,22000,4332,0,2300,2414.328585104562,145.76656899998852,22129.28180400013,14456.703601108033
1782884207,300,,Aggregated,124.600000,0.000000,2300,3000,3400,3700,4400,5000,5700,6200,6900,22000,22000,4413,0,2300,2412.796185249707,145.76656899998852,22129.28180400013,14460.338545207342
1782884208,300,,Aggregated,126.500000,0.000000,2300,3000,3400,3700,4400,5000,5700,6200,6900,22000,22000,4457,0,2300,2421.9199604949426,145.76656899998852,22129.28180400013,14469.275970383665
1782884209,300,,Aggregated,120.100000,0.000000,2300,3000,3500,3800,4500,5100,5700,6200,6900,22000,22000,4540,0,2300,2464.6433038118853,145.76656899998852,22129.28180400013,14445.250440528634
1782884210,300,,Aggregated,107.300000,0.000000,2400,3100,3600,3900,4600,5200,5800,6200,6900,22000,22000,4660,0,2400,2509.23531801866,145.76656899998852,22129.28180400013,14463.45922746781
1782884211,300,,Aggregated,107.300000,0.000000,2400,3100,3600,3900,4600,5200,5800,6200,6900,22000,22000,4777,0,2400,2528.1285132681514,145.76656899998852,22129.28180400013,14469.591794012978
1782884212,300,,Aggregated,102.300000,0.000000,2400,3100,3600,3900,4500,5200,5800,6200,6900,22000,22000,4843,0,2400,2533.037786394168,145.76656899998852,22129.28180400013,14499.608920090854
1782884213,300,,Aggregated,98.700000,0.000000,2400,3100,3500,3800,4500,5100,5800,6200,6900,22000,22000,4965,0,2400,2543.9945780271814,145.76656899998852,22129.28180400013,14494.596374622357
1782884214,300,,Aggregated,99.700000,0.000000,2500,3100,3500,3800,4500,5100,5800,6200,6900,22000,22000,4999,0,2500,2549.4748675429,145.76656899998852,22129.28180400013,14490.365473094618
1782884215,300,,Aggregated,90.500000,0.000000,2500,3100,3600,3900,4500,5100,5800,6200,6900,22000,22000,5126,0,2500,2573.3771966186023,145.76656899998852,22129.28180400013,14494.986344127976
1782884216,300,,Aggregated,82.300000,0.000000,2500,3100,3500,3800,4500,5100,5800,6200,6900,22000,22000,5274,0,2500,2588.516579751794,145.76656899998852,22129.28180400013,14477.556503602578
1782884217,300,,Aggregated,87.400000,0.000000,2500,3100,3500,3800,4500,5100,5700,6100,6900,22000,22000,5413,0,2500,2580.332907096241,145.76656899998852,22129.28180400013,14519.816183262516
1782884218,300,,Aggregated,87.400000,0.000000,2500,3100,3500,3800,4500,5100,5700,6100,6900,22000,22000,5508,0,2500,2574.4218517790396,145.76656899998852,22129.28180400013,14516.345679012345
1782884219,300,,Aggregated,99.200000,0.000000,2500,3100,3500,3800,4500,5100,5700,6100,6900,22000,22000,5587,0,2500,2575.2224918881248,145.76656899998852,22129.28180400013,14530.404331483802
1782884220,300,,Aggregated,105.600000,0.000000,2500,3100,3500,3700,4400,5000,5700,6100,6900,22000,22000,5637,0,2500,2581.288852388673,145.76656899998852,22129.28180400013,14531.893383005145
1782884221,300,,Aggregated,107.800000,0.000000,2500,3100,3500,3800,4400,5000,5700,6100,6900,22000,22000,5727,0,2500,2597.6718500570887,145.76656899998852,22129.28180400013,14515.750829404575
1782884222,300,,Aggregated,98.300000,0.000000,2600,3100,3500,3800,4400,5000,5700,6100,6900,22000,22000,5787,0,2600,2612.2482646633734,145.76656899998852,22129.28180400013,14492.125799205114
1782884223,300,,Aggregated,98.300000,0.000000,2600,3200,3600,3800,4500,5000,5700,6100,6900,22000,22000,5889,0,2600,2634.5806091439867,145.76656899998852,22129.28180400013,14511.058074375955
1782884224,300,,Aggregated,95.600000,0.000000,2600,3200,3600,3900,4500,5000,5700,6100,6900,22000,22000,5999,0,2600,2655.622767574752,145.76656899998852,22129.28180400013,14508.582430405067
1782884225,300,,Aggregated,93.700000,0.000000,2700,3200,3600,3800,4500,5000,5700,6100,6900,22000,22000,6069,0,2700,2665.4527648919006,145.76656899998852,22129.28180400013,14480.027846432691
1782884226,300,,Aggregated,93.700000,0.000000,2700,3200,3600,3800,4500,5000,5700,6100,6900,22000,22000,6152,0,2700,2673.580556991051,145.76656899998852,22129.28180400013,14478.018693107932
1782884227,300,,Aggregated,93.000000,0.000000,2700,3300,3600,3800,4500,5000,5700,6000,6900,22000,22000,6239,0,2700,2684.9263819259418,145.76656899998852,22129.28180400013,14461.144895015226
1782884228,300,,Aggregated,88.800000,0.000000,2700,3300,3600,3900,4500,5000,5600,6000,6900,22000,22000,6356,0,2700,2701.1309808307046,145.76656899998852,22129.28180400013,14451.972309628698
1782884227,300,,Aggregated,93.000000,0.000000,2800,3300,3600,3800,4400,5000,5600,6000,6900,22000,22000,6430,0,2800,2707.3104129163244,145.76656899998852,22129.28180400013,14471.160497667184
1782884228,300,,Aggregated,88.800000,0.000000,2800,3300,3600,3800,4400,5000,5600,6000,6900,22000,22000,6519,0,2800,2715.3986001451126,145.76656899998852,22129.28180400013,14471.086823132382
1782884229,300,,Aggregated,81.700000,0.000000,2800,3300,3600,3800,4400,5000,5600,6000,6900,22000,22000,6576,0,2800,2722.053094958637,145.76656899998852,22129.28180400013,14466.597171532847
1782884230,300,,Aggregated,86.700000,0.000000,2800,3300,3600,3800,4400,5000,5600,6000,6900,22000,22000,6640,0,2800,2730.190260541565,145.76656899998852,22129.28180400013,14471.727108433735
1782884231,300,,Aggregated,95.600000,0.000000,2800,3300,3600,3900,4400,4900,5600,6000,6900,22000,22000,6726,0,2800,2747.3247895529285,145.76656899998852,22129.28180400013,14455.068093963722
1782884232,300,,Aggregated,97.800000,0.000000,2900,3400,3700,3900,4400,5000,5600,6000,6900,22000,22000,6793,0,2900,2761.6274577364943,145.76656899998852,22129.28180400013,14463.167083762697
1782884233,300,,Aggregated,95.600000,0.000000,2900,3400,3700,3900,4500,5000,5600,6000,6900,22000,22000,6818,0,2900,2768.1402968222355,145.76656899998852,22129.28180400013,14467.345995893224
1782884234,300,,Aggregated,95.600000,0.000000,2900,3400,3700,3900,4500,5000,5600,6000,6900,22000,22000,6820,0,2900,2768.93125177742,145.76656899998852,22129.28180400013,14465.3426686217
1782884235,300,,Aggregated,90.400000,0.000000,2900,3400,3700,3900,4500,5100,5900,6300,7000,22000,22000,6880,0,2900,2799.667820745784,145.76656899998852,22129.28180400013,14461.643459302326
1782884236,300,,Aggregated,83.100000,0.000000,2900,3400,3800,4000,4600,5300,6000,6400,7400,22000,22000,6981,0,2900,2839.889418434177,145.76656899998852,22129.28180400013,14458.083082652915
1782884237,300,,Aggregated,77.100000,0.000000,2900,3400,3800,4000,4700,5400,6100,6600,7400,22000,22000,7068,0,2900,2873.9050726752967,145.76656899998852,22129.28180400013,14448.658885116016
1782884238,300,,Aggregated,79.900000,0.000000,2900,3400,3800,4000,4700,5500,6200,6600,7400,22000,22000,7096,0,2900,2887.316084099211,145.76656899998852,22129.28180400013,14456.101747463359
1782884239,300,,Aggregated,80.900000,0.000000,2900,3500,3800,4000,4800,5500,6200,6600,7400,22000,22000,7159,0,2900,2901.3387532705688,145.76656899998852,22129.28180400013,14442.171532336919
1782884240,300,,Aggregated,69.900000,0.000000,3000,3500,3800,4100,4800,5500,6200,6600,7400,22000,22000,7194,0,3000,2908.945930229775,145.76656899998852,22129.28180400013,14435.22880177926
1782884241,300,,Aggregated,58.400000,0.000000,3000,3500,3800,4100,4800,5500,6200,6600,7400,22000,22000,7217,0,3000,2917.047513779686,145.76656899998852,22129.28180400013,14432.983095469031
1782884242,300,,Aggregated,58.400000,0.000000,3000,3500,3900,4100,4900,5600,6200,6600,7400,22000,22000,7278,0,3000,2940.6327552335806,145.76656899998852,22129.28180400013,14430.492855179995
1782884243,300,,Aggregated,51.400000,0.000000,3000,3500,3900,4100,5000,5700,6300,6700,7500,22000,22000,7319,0,3000,2956.7898905145535,145.76656899998852,22129.28180400013,14430.904085257549
1782884244,300,,Aggregated,52.000000,0.000000,3000,3500,3900,4200,5000,5700,6400,6900,7600,22000,22000,7362,0,3000,2973.568373042381,145.76656899998852,22129.28180400013,14427.956126052703
1782884245,300,,Aggregated,48.500000,0.000000,3000,3600,3900,4200,5100,5800,6500,7000,8000,22000,22000,7416,0,3000,2998.040338176645,145.76656899998852,22129.28180400013,14427.640102481122
1782884246,300,,Aggregated,54.100000,0.000000,3000,3600,4000,4300,5200,5900,6900,7300,8800,22000,22000,7524,0,3000,3049.037081455875,145.76656899998852,22129.28180400013,14426.102073365231
1782884247,300,,Aggregated,57.500000,0.000000,3000,3600,4000,4300,5200,5900,6900,7400,9100,22000,22000,7594,0,3000,3072.5038919868302,145.76656899998852,22129.28180400013,14420.466289175665
1782884248,300,,Aggregated,48.100000,0.000000,3000,3600,4000,4300,5200,5900,6900,7400,9100,22000,22000,7699,0,3000,3086.1930367525633,145.76656899998852,22129.28180400013,14431.62605533186
1782884249,300,,Aggregated,52.500000,0.000000,3000,3600,4000,4300,5200,5900,6900,7400,9100,22000,22000,7778,0,3000,3085.9722640609393,145.76656899998852,22129.28180400013,14438.438801748522
1782884250,300,,Aggregated,54.900000,0.000000,3000,3600,4000,4300,5200,5900,6900,7400,9100,22000,22000,7893,0,3000,3085.308332290638,145.76656899998852,22129.28180400013,14431.432155074117
1782884251,300,,Aggregated,62.500000,0.000000,3000,3600,4000,4300,5200,5900,6900,7400,9100,22000,22000,7948,0,3000,3085.901055190361,145.76656899998852,22129.28180400013,14455.967161550076
1782884252,300,,Aggregated,63.800000,0.000000,3100,3600,4000,4300,5200,5900,6900,7400,9100,22000,22000,8062,0,3100,3092.8527940586696,145.76656899998852,22129.28180400013,14442.440709501365
1782884253,300,,Aggregated,71.500000,0.000000,3100,3600,4000,4300,5100,5900,6800,7300,9100,22000,22000,8184,0,3100,3097.7849875046427,145.76656899998852,22129.28180400013,14447.371700879765
1782884254,300,,Aggregated,71.200000,0.000000,3100,3600,4000,4300,5100,5900,6800,7300,9100,22000,22000,8306,0,3100,3091.4780459902468,145.76656899998852,22129.28180400013,14446.623645557429
1782884255,300,,Aggregated,81.400000,0.000000,3000,3600,4000,4200,5100,5900,6800,7300,9100,22000,22000,8410,0,3000,3083.547329830556,145.76656899998852,22129.28180400013,14452.833769322235
1782884256,300,,Aggregated,89.200000,0.000000,3000,3600,4000,4200,5100,5900,6800,7300,9100,22000,22000,8511,0,3000,3074.684349369754,145.76656899998852,22129.28180400013,14445.492774057102
1782884257,300,,Aggregated,95.300000,0.000000,3000,3600,3900,4200,5100,5900,6800,7300,9100,22000,22000,8623,0,3000,3072.2603607438214,145.76656899998852,22129.28180400013,14433.103444276934
1782884258,300,,Aggregated,104.900000,0.000000,3000,3500,3900,4200,5100,5800,6800,7300,9100,22000,22000,8750,0,3000,3069.154232640341,145.76656899998852,22129.28180400013,14443.298057142858
1782884259,300,,Aggregated,97.400000,0.000000,3000,3500,3900,4200,5000,5800,6800,7300,9100,22000,22000,8900,0,3000,3058.807334605054,145.76656899998852,22129.28180400013,14445.068988764046
1782884258,300,,Aggregated,104.900000,0.000000,3000,3500,3900,4100,5000,5800,6800,7200,9100,22000,22000,8976,0,3000,3050.263930930479,145.76656899998852,22129.28180400013,14450.512143493761
1782884259,300,,Aggregated,97.400000,0.000000,3000,3500,3900,4100,5000,5800,6700,7200,8900,22000,22000,9026,0,3000,3048.78621117394,145.76656899998852,22129.28180400013,14464.496233104364
1782884260,300,,Aggregated,105.200000,0.000000,3000,3500,3900,4100,5000,5800,6700,7200,8900,22000,22000,9100,0,3000,3053.4781023345026,145.76656899998852,22129.28180400013,14436.682527472527
1782884261,300,,Aggregated,111.900000,0.000000,3000,3500,3900,4100,5000,5800,6700,7200,8900,22000,22000,9240,0,3000,3063.0977974727243,145.76656899998852,22129.28180400013,14422.342316017315
1782884262,300,,Aggregated,120.200000,0.000000,3000,3500,3900,4200,5000,5800,6700,7200,8900,22000,22000,9316,0,3000,3068.6758802345385,145.76656899998852,22129.28180400013,14409.809145556033
1782884263,300,,Aggregated,120.000000,0.000000,3000,3500,3900,4100,5000,5800,6700,7200,8900,22000,22000,9425,0,3000,3066.5554877770774,145.76656899998852,22129.28180400013,14404.708965517242
1782884264,300,,Aggregated,125.000000,0.000000,3000,3500,3900,4100,5000,5800,6700,7200,8900,22000,22000,9537,0,3000,3064.41739693142,145.76656899998852,22129.28180400013,14394.521862220825
1782884265,300,,Aggregated,122.400000,0.000000,3000,3500,3900,4100,5000,5800,6700,7200,8900,22000,22000,9540,0,3000,3064.484195163622,145.76656899998852,22129.28180400013,14395.870964360587
1782884266,300,,Aggregated,118.400000,0.000000,3000,3500,3900,4100,4900,5700,6700,7200,8900,22000,22000,9650,0,3000,3073.959509470255,145.76656899998852,22129.28180400013,14390.190673575129
1782884267,300,,Aggregated,118.900000,0.000000,3000,3500,3900,4100,4900,5700,6700,7200,8900,22000,22000,9750,0,3000,3079.047096352918,145.76656899998852,22129.28180400013,14407.634666666667
1782884268,300,,Aggregated,105.900000,0.000000,3000,3500,3900,4100,4900,5700,6600,7200,8900,22000,22000,9858,0,3000,3084.1121644641867,145.76656899998852,22129.28180400013,14414.687360519376
1782884269,300,,Aggregated,112.400000,0.000000,3000,3500,3900,4100,4900,5700,6600,7100,8900,22000,22000,9978,0,3000,3079.734017594104,145.76656899998852,22129.28180400013,14396.482862297053
